id;title;author;content;views;like_number;state;create_user;creat_time;update_user;update_time;note
1;Buckinghamshire;Small online;../fake-data/blob/hipster.txt;46844;21860;false;throughput lavender Kuwait;2020-12-13T12:36:19;backing up Handmade Concrete Fish;2020-12-13T02:37:48;Cocos (Keeling) Islands visualize
2;e-business microchip fuchsia;Checking Account;../fake-data/blob/hipster.txt;87961;37418;false;Nevada Dynamic Principal;2020-12-13T02:23:15;Money Market Account;2020-12-13T13:55:14;Plastic
3;Legacy RSS HTTP;XSS International static;../fake-data/blob/hipster.txt;49977;53611;false;magenta;2020-12-13T13:07:07;enhance;2020-12-13T14:04:36;Pakistan Rupee Incredible Fresh Computer online
4;optical Virginia XSS;copying;../fake-data/blob/hipster.txt;26410;85598;false;Credit Card Account Planner;2020-12-12T16:27:09;Pre-emptive;2020-12-13T13:31:04;Frozen
5;capacitor;alarm matrix;../fake-data/blob/hipster.txt;906;75648;true;unleash Compatible Berkshire;2020-12-12T15:06:47;yellow impactful e-commerce;2020-12-13T08:11:12;Forward Music yellow
6;solid state;Shores Incredible Cotton Pizza;../fake-data/blob/hipster.txt;6765;65341;true;navigate;2020-12-12T21:37:48;back up;2020-12-13T05:12:22;Chicken paradigms
7;parsing Clothing;Crossing Guinea Franc Operations;../fake-data/blob/hipster.txt;45819;74860;true;visionary Programmable;2020-12-13T04:45:19;Berkshire;2020-12-13T00:47:53;Handmade Liaison
8;Soft;withdrawal Arizona Garden;../fake-data/blob/hipster.txt;47815;59859;false;navigate Movies;2020-12-13T00:15:00;Rubber Oklahoma;2020-12-13T02:59:17;Borders
9;Phased;Investment Account North Carolina Rustic Cotton Pizza;../fake-data/blob/hipster.txt;85174;11934;false;Steel Handcrafted Wooden Pants;2020-12-13T07:01:02;web-readiness;2020-12-12T16:03:16;Ergonomic Syrian Pound syndicate
10;Director;Planner collaborative;../fake-data/blob/hipster.txt;84781;27826;true;Awesome Concrete motivating;2020-12-13T11:13:14;ROI;2020-12-12T16:06:12;pixel Focused
