id;content;create_user;creat_time;update_user;update_time;note
1;Supervisor definition;capacitor technologies Cambridgeshire;2020-12-13T09:05:43;feed California;2020-12-12T15:14:13;ADP Clothing
2;Borders Representative Chair;Guarani Ergonomic;2020-12-13T01:13:36;Associate;2020-12-13T14:31:05;back up orange
3;Concrete metrics mindshare;backing up;2020-12-12T19:30:31;Lebanese Pound;2020-12-13T07:32:47;generating Cotton
4;productize Checking Account quantifying;function expedite Avon;2020-12-13T00:43:49;JSON;2020-12-13T14:41:17;definition connecting
5;Money Market Account connect Mandatory;Antarctica (the territory South of 60 deg S);2020-12-13T13:43:39;Front-line microchip Multi-channelled;2020-12-13T03:22:53;Accountability Electronics
6;Directives Investment Account neural;indexing flexibility Specialist;2020-12-12T22:50:35;Auto Loan Account Chips;2020-12-12T22:08:54;Handcrafted Granite Soap protocol
7;invoice Bermudian Dollar (customarily known as Bermuda Dollar);Mouse Hawaii SMS;2020-12-13T06:35:38;convergence Rustic Outdoors;2020-12-13T08:20:42;Industrial Handcrafted Cotton Cheese Licensed
8;Division;Rustic Granite Chicken;2020-12-12T16:07:48;lime;2020-12-13T12:34:42;generate
9;French Guiana;Cambridgeshire Home functionalities;2020-12-13T03:32:12;deposit;2020-12-13T08:44:37;Total Computer compress
10;quantify;Berkshire;2020-12-13T00:13:05;6th generation;2020-12-13T00:23:08;Borders Flat Montana
