id;phone;code;effective_time;send_time;create_user;creat_time;update_user;update_time;note
1;(193) 512-4657 x79892;93921;2021-02-25T17:25:03;2021-02-26T14:29:38;Bedfordshire integrate;2021-02-25T18:35:21;Small Jewelery indexing;2021-02-26T06:57:45;Pizza Towels
2;(741) 379-3813 x6789;20758;2021-02-26T13:54:04;2021-02-25T18:46:49;Sleek Minnesota hacking;2021-02-26T01:23:44;Interactions;2021-02-26T13:09:08;Small Soft Chicken
3;440-694-5288;62697;2021-02-26T15:38:56;2021-02-26T12:24:32;River Forward Kenya;2021-02-26T14:32:42;Avon Kina;2021-02-25T16:19:15;generating Western Sahara Salad
4;1-361-152-3719;83714;2021-02-26T11:32:52;2021-02-26T01:22:56;transmit Small SQL;2021-02-26T08:35:55;Auto Loan Account;2021-02-26T00:19:36;Tennessee firewall SDD
5;695.727.9939;63849;2021-02-26T06:11:18;2021-02-26T10:57:48;payment relationships;2021-02-25T17:41:30;vortals Mayotte;2021-02-26T08:17:31;calculating
6;(202) 587-5772 x2651;62262;2021-02-26T07:06:35;2021-02-25T21:50:02;paradigms;2021-02-26T09:18:10;experiences middleware Jewelery;2021-02-25T18:52:00;Handmade
7;638-328-4955 x389;46707;2021-02-26T13:45:10;2021-02-25T20:57:42;Tuna Ergonomic Steel Tuna;2021-02-26T12:04:17;invoice;2021-02-25T23:18:45;Borders Investor
8;378-418-1550;11200;2021-02-26T07:41:38;2021-02-25T23:51:40;discrete;2021-02-26T10:43:30;Refined Cheese Illinois;2021-02-26T01:46:16;Auto Loan Account wireless Forward
9;1-835-438-0099 x560;10597;2021-02-26T09:42:52;2021-02-25T15:49:45;hard drive;2021-02-26T09:20:42;Functionality maroon;2021-02-26T06:02:04;New Zealand Dollar Sausages algorithm
10;(938) 755-7585 x5126;49789;2021-02-26T02:11:12;2021-02-25T22:59:42;hacking Colorado;2021-02-25T17:58:36;withdrawal;2021-02-26T13:49:54;protocol Customer-focused
