id;tx_title;content;create_user;creat_time;update_user;update_time;note
1;withdrawal matrix indigo;vertical;IB Upgradable Wooden;2020-12-13T05:14:06;Pennsylvania Bedfordshire;2020-12-12T15:19:03;Bhutan
2;Sausages;Bike withdrawal deposit;Western Sahara program Trinidad and Tobago Dollar;2020-12-12T17:53:18;communities Cotton scalable;2020-12-13T02:26:56;Progressive Connecticut
3;Frozen;enterprise eco-centric compress;navigate olive;2020-12-13T10:25:21;Organized;2020-12-13T10:28:11;virtual connect
4;calculate Bedfordshire Sausages;array;seize Minnesota Indiana;2020-12-12T19:47:42;orchestration bluetooth;2020-12-13T14:04:44;olive
5;mobile firmware;e-business;Plastic;2020-12-12T20:06:48;Fresh Montserrat;2020-12-13T00:35:14;Home Loan Account Pizza
6;integrated yellow;GB;holistic Maine array;2020-12-12T15:14:44;Senior back up sky blue;2020-12-12T19:51:39;Central Soap SAS
7;Direct;productivity;concept Avon;2020-12-12T16:23:10;Rubber Sleek Health;2020-12-13T12:41:14;Product Cheese
8;deliver Small;Ergonomic Cotton Cheese;quantifying channels;2020-12-13T08:23:05;Dalasi online;2020-12-13T01:53:31;transform
9;ability;reboot wireless Angola;Forge parse quantifying;2020-12-12T15:31:21;migration;2020-12-13T11:09:34;Field navigating
10;Guinea Franc;copy;architectures Shirt connect;2020-12-12T19:41:33;Automotive Auto Loan Account;2020-12-13T00:57:46;Auto Loan Account
