id;image_url;image_type;create_user;creat_time;update_user;update_time;note
1;Italy bricks-and-clicks;RAW;indexing;2020-12-13T04:10:24;Officer Lane Nebraska;2020-12-12T20:24:26;best-of-breed monitor impactful
2;Fantastic Steel Gloves;JPG;Phased;2020-12-12T22:18:31;Interactions Handcrafted Soft Keyboard backing up;2020-12-13T14:41:37;indexing B2C integrate
3;digital holistic hack;GIF;Rhode Island;2020-12-13T06:05:06;niches;2020-12-13T11:51:25;web-readiness Congolese Franc IB
4;Rapid;PSD;COM Bulgarian Lev;2020-12-12T22:05:37;SAS backing up;2020-12-12T18:57:20;North Carolina
5;invoice Tunisian Dinar;PCD;networks;2020-12-12T23:13:28;Soft local area network Small;2020-12-13T02:47:32;Total Pants orchid
6;Buckinghamshire invoice;PNG;Turks and Caicos Islands Comoro Franc;2020-12-13T01:19:01;Kids supply-chains;2020-12-13T14:43:21;Legacy Rubber
7;Orchestrator Home Loan Account;BMP;streamline;2020-12-12T19:51:42;protocol;2020-12-12T23:09:25;Manor Bedfordshire generate
8;Accounts RSS;JPEG;Practical;2020-12-13T05:10:57;Egyptian Pound Personal Loan Account Operations;2020-12-12T20:22:52;West Virginia
9;Somali Shilling calculating Cheese;PCD;deposit;2020-12-13T07:08:20;e-enable Lilangeni;2020-12-13T05:36:40;circuit Berkshire
10;Jordanian Dinar;PSD;Auto Loan Account;2020-12-12T19:44:01;withdrawal Corporate;2020-12-12T18:12:57;Wooden Baby
